Rule_execution_date,ICN,Engine,Payloc,Suffix,Service_Line,Adjuster_id,Associate_Name,Assoc_Nt_Id,Supervisor_name,Supervisor_Nt_Id,Adj_Supervisor_name,Adj_Supervisor_Nt_Id,Site,Org_id,Claim_Type,Policy,SEAL_RULE_Code,CHRG_AMT,Paid_Amount,Fund_Type,Feed_Time,Executed_By,TIN,TIN_Segment,Inventory 71/74
2019-06-20,7813338806,MYTH,387,01,1,000371381,Revathi Palabindela,prevath1,Rajeesh P,rp5,adj_sprvsr_nm,nt_id,OGS,First_Pass,Manual,908127,P001_4.26,818.0,280.67,1,4am,arapseal,720502505,Platinum (P1),74
2019-06-20,7813338806,MYTH,387,01,2,000371381,Revathi Palabindela,prevath1,Rajeesh P,rp5,adj_sprvsr_nm,nt_id,OGS,First_Pass,Manual,908127,P001_4.26,818.0,280.67,1,4am,arapseal,720502505,Platinum (P1),74
2019-06-20,7825434602,EST1,139,01,1,000081587,Thomas Giffin,tgiffi1,Deborah Heflin,dhefli1,adj_sprvsr_nm,nt_id,Greensboro,First_Pass,Manual,730334,P001_4.16,3800.0,1496.25,3,4am,arapseal,880516994,null,74
2019-06-20,7825434602,EST1,139,01,1,000081587,Thomas Giffin,tgiffi1,Deborah Heflin,dhefli1,adj_sprvsr_nm,nt_id,Greensboro,First_Pass,Manual,730334,P001_4.21,3800.0,1496.25,3,4am,arapseal,880516994,null,74
2019-06-20,7825434602,EST1,139,01,2,000081587,Thomas Giffin,tgiffi1,Deborah Heflin,dhefli1,adj_sprvsr_nm,nt_id,Greensboro,First_Pass,Manual,730334,P001_4.16,3800.0,1496.25,3,4am,arapseal,880516994,null,74
2019-06-20,7825434602,EST1,139,01,2,000081587,Thomas Giffin,tgiffi1,Deborah Heflin,dhefli1,adj_sprvsr_nm,nt_id,Greensboro,First_Pass,Manual,730334,P001_4.21,3800.0,1496.25,3,4am,arapseal,880516994,null,74
2019-06-20,7825442788,EST1,139,01,1,000081587,Thomas Giffin,tgiffi1,Deborah Heflin,dhefli1,adj_sprvsr_nm,nt_id,Greensboro,First_Pass,Manual,730334,P001_4.16,3800.0,1496.25,3,4am,arapseal,880516994,null,74
2019-06-20,7825442788,EST1,139,01,1,000081587,Thomas Giffin,tgiffi1,Deborah Heflin,dhefli1,adj_sprvsr_nm,nt_id,Greensboro,First_Pass,Manual,730334,P001_4.21,3800.0,1496.25,3,4am,arapseal,880516994,null,74
2019-06-20,7825442788,EST1,139,01,2,000081587,Thomas Giffin,tgiffi1,Deborah Heflin,dhefli1,adj_sprvsr_nm,nt_id,Greensboro,First_Pass,Manual,730334,P001_4.16,3800.0,1496.25,3,4am,arapseal,880516994,null,74
2019-06-20,7825442788,EST1,139,01,2,000081587,Thomas Giffin,tgiffi1,Deborah Heflin,dhefli1,adj_sprvsr_nm,nt_id,Greensboro,First_Pass,Manual,730334,P001_4.21,3800.0,1496.25,3,4am,arapseal,880516994,null,74
2019-06-20,7827629708,MYTH,412,01,1,000371387,Kumar Kataram ,kkuma268,Rajeesh P,rp5,adj_sprvsr_nm,nt_id,OGS,First_Pass,Manual,917312,K001_14.30,49.0,0.0,1,4am,arapseal,800947972,null,74
2019-06-20,7827633251,MYTH,412,01,1,000371387,Kumar Kataram ,kkuma268,Rajeesh P,rp5,adj_sprvsr_nm,nt_id,OGS,First_Pass,Manual,917312,K001_14.30,49.0,0.0,1,4am,arapseal,800947972,null,74
2019-06-20,7827671901,MYTH,412,01,1,000371387,Kumar Kataram ,kkuma268,Rajeesh P,rp5,adj_sprvsr_nm,nt_id,OGS,First_Pass,Manual,917312,K001_14.30,49.0,0.0,1,4am,arapseal,800947972,null,74
2019-06-20,7833566387,QARK,420,01,1,000398504,CHAMBERS MONTRICE,mchamb18,Sheri Byers,sbyers13,adj_sprvsr_nm,nt_id,Greensboro,First_Pass,Manual,222244,I005_2.12,2845.0,2504.03,3,4am,arapseal,850327237,null,74
2019-06-20,7834862204,MYTH,387,01,1,000371381,Revathi Palabindela,prevath1,Rajeesh P,rp5,adj_sprvsr_nm,nt_id,OGS,First_Pass,Manual,912610,I017_5.23,1995.0,0.0,1,4am,arapseal,742958277,null,74
2019-06-20,7834862204,MYTH,387,01,1,000371381,Revathi Palabindela,prevath1,Rajeesh P,rp5,adj_sprvsr_nm,nt_id,OGS,First_Pass,Manual,912610,P001_4.16,1995.0,0.0,1,4am,arapseal,742958277,null,74
2019-06-20,7834862204,MYTH,387,01,1,000371381,Revathi Palabindela,prevath1,Rajeesh P,rp5,adj_sprvsr_nm,nt_id,OGS,First_Pass,Manual,912610,P001_4.21,1995.0,0.0,1,4am,arapseal,742958277,null,74
2019-06-20,7844716968,XFIL,537,01,1,000305736,James Davis,jdavi159,Darryl Moore ,dmoore11,adj_sprvsr_nm,nt_id,Greensboro,First_Pass,Manual,744432,P001_4.21,262.0,0.0,3,4am,arapseal,823553452,null,74
2019-06-20,7845551924,EST1,370,01,2,000229931,Jennifer Stoutz,jstoutz,Darryl Moore,dmoore11,adj_sprvsr_nm,nt_id,Greensboro,First_Pass,Manual,701444,K001_14.19,840.0,0.0,3,4am,arapseal,260398837,null,74
2019-06-20,7846176135,QARK,390,01,1,000165059,Kyle Hamilton,khami16,Ken Coffey,kcoffe1,adj_sprvsr_nm,nt_id,Chico,First_Pass,Manual,704201,P001_4.6,300.0,150.0,3,4am,arapseal,362739571,null,74
2019-06-20,7846176135,QARK,390,01,2,000165059,Kyle Hamilton,khami16,Ken Coffey,kcoffe1,adj_sprvsr_nm,nt_id,Chico,First_Pass,Manual,704201,P001_4.6,300.0,150.0,3,4am,arapseal,362739571,null,74
2019-06-20,7846176135,QARK,390,01,3,000165059,Kyle Hamilton,khami16,Ken Coffey,kcoffe1,adj_sprvsr_nm,nt_id,Chico,First_Pass,Manual,704201,P001_4.6,300.0,150.0,3,4am,arapseal,362739571,null,74
2019-06-20,7846177672,EST1,436,01,1,000165059,Kyle Hamilton,khami16,Ken Coffey,kcoffe1,adj_sprvsr_nm,nt_id,Chico,First_Pass,Manual,710702,F009_1.3,156.75,67.79,3,4am,arapseal,362739571,null,74
2019-06-20,7846778647,YOGI,125,01,1,000243499,KRYSTALYN WILLIAMS,kwilli80,Darryl Moore,dmoore11,adj_sprvsr_nm,nt_id,Greensboro,First_Pass,Manual,712670,K001_14.10,4518.75,0.0,3,4am,arapseal,750800661,null,74
2019-06-20,7846778647,YOGI,125,01,2,000243499,KRYSTALYN WILLIAMS,kwilli80,Darryl Moore,dmoore11,adj_sprvsr_nm,nt_id,Greensboro,First_Pass,Manual,712670,K001_14.10,4518.75,0.0,3,4am,arapseal,750800661,null,74
2019-06-20,7846778647,YOGI,125,01,3,000243499,KRYSTALYN WILLIAMS,kwilli80,Darryl Moore,dmoore11,adj_sprvsr_nm,nt_id,Greensboro,First_Pass,Manual,712670,K001_14.10,4518.75,0.0,3,4am,arapseal,750800661,null,74
2019-06-20,7846817520,UNOA,155,01,1,000422435,Ajit,asing464,Jitendra kumar verma,jverma3,adj_sprvsr_nm,nt_id,OGS,First_Pass,Manual,463841,P001_4.20,1651.0,0.0,1,4am,arapseal,141338307,null,74
2019-06-20,7846817520,UNOA,155,01,1,000422435,Ajit,asing464,Jitendra kumar verma,jverma3,adj_sprvsr_nm,nt_id,OGS,First_Pass,Manual,463841,P001_4.6,1651.0,0.0,1,4am,arapseal,141338307,null,74
2019-06-20,7847210317,QARK,389,01,5,000310462,Staci Therrien,stherri,Lerin Royall,lroyall,adj_sprvsr_nm,nt_id,Chico,First_Pass,Manual,755011,P001_4.16,557.52,235.4,2,4am,arapseal,680135207,null,74
2019-06-20,7847210317,QARK,389,01,5,000310462,Staci Therrien,stherri,Lerin Royall,lroyall,adj_sprvsr_nm,nt_id,Chico,First_Pass,Manual,755011,P001_4.16,557.52,335.4,2,4am,arapseal,680135207,null,74
2019-06-20,7848398145,UNOA,763,01,2,000384549,YasasviRamsagar Narsimha,ryasasvi,Ajay Kumar Hyd,akum241,adj_sprvsr_nm,nt_id,OGS,First_Pass,Manual,3U5136,P001_4.7,30547.0,1813.0,1,4am,arapseal,232306491,null,74
2019-06-20,7848456265,GEO1,471,01,1,000141825,TARA C MOORE,tmoor15,Sherri Barnes,sbarnes,adj_sprvsr_nm,nt_id,Greensboro,First_Pass,Manual,717584,F009_1.3,578.14,131.37,3,4am,arapseal,742638006,null,74
2019-06-20,7848706433,UNOA,763,01,1,000407890,Sudarshan,ssing459,Jitendra kumar verma,jverma3,adj_sprvsr_nm,nt_id,OGS,First_Pass,Manual,553501,P001_4.7,255.97,123.33,1,4am,arapseal,392001924,null,74
2019-06-20,7849019683,UNOA,764,01,1,000407891,Shankhadeep,sdey27,Jitendra kumar verma,jverma3,adj_sprvsr_nm,nt_id,OGS,First_Pass,Manual,9P6284,P001_4.11,5980.1,3810.49,1,4am,arapseal,560928089,Platinum (P1),74
2019-06-20,7849074980,XFIL,505,01,1,000165505,SHARMAJYOTI,jsharma6,RUPESH KUMAR,rkumar7,adj_sprvsr_nm,nt_id,Concentrix,First_Pass,Manual,710888,I011_25.6,515.76,56.58,1,4am,arapseal,741857100,null,74
2019-06-20,7849294439,ZEUS,045,01,1,000213646,Shelly Halphin,shalphin,Julana Barton,jbarto8,adj_sprvsr_nm,nt_id,Springfield,First_Pass,Manual,902132,N008_15.3,4458.0,3742.55,3,4am,arapseal,050258954,null,74
2019-06-20,7849294439,ZEUS,045,01,2,000213646,Shelly Halphin,shalphin,Julana Barton,jbarto8,adj_sprvsr_nm,nt_id,Springfield,First_Pass,Manual,902132,N008_15.3,4458.0,3742.55,3,4am,arapseal,050258954,null,74
2019-06-20,7849619141,FOXX,278,02,1,000290675,SMITH IRIS,Ismith22,Jim Rudroff,jrudroff,adj_sprvsr_nm,nt_id,Buffalo,First_Pass,Manual,191698,P001_4.20,17.0,1.18,3,4am,arapseal,621619857,null,74
2019-06-20,7850224089,STH1,644,01,2,000422452,Karanjeet Singh,ksing126,Jitendra kumar verma,jverma3,adj_sprvsr_nm,nt_id,OGS,First_Pass,Manual,1F1505,P001_4.16,440.0,179.39,1,4am,arapseal,760494530,null,74
2019-06-20,7850678131,STH1,155,02,1,000234172,Ashok Reddy Gudala,agudala,Ajay Kumar Hyd,akum241,adj_sprvsr_nm,nt_id,OGS,First_Pass,Manual,2F7128,F006_3.2,1692.0,0.0,1,4am,arapseal,593238634,null,74
2019-06-20,7850678131,STH1,155,02,2,000234172,Ashok Reddy Gudala,agudala,Ajay Kumar Hyd,akum241,adj_sprvsr_nm,nt_id,OGS,First_Pass,Manual,2F7128,F006_3.2,1692.0,0.0,1,4am,arapseal,593238634,null,74
2019-06-20,7850678131,STH1,155,02,3,000234172,Ashok Reddy Gudala,agudala,Ajay Kumar Hyd,akum241,adj_sprvsr_nm,nt_id,OGS,First_Pass,Manual,2F7128,F006_3.2,1692.0,0.0,1,4am,arapseal,593238634,null,74
2019-06-20,7850678131,STH1,155,02,4,000234172,Ashok Reddy Gudala,agudala,Ajay Kumar Hyd,akum241,adj_sprvsr_nm,nt_id,OGS,First_Pass,Manual,2F7128,F006_3.2,1692.0,0.0,1,4am,arapseal,593238634,null,74
2019-06-20,7850678131,STH1,155,02,5,000234172,Ashok Reddy Gudala,agudala,Ajay Kumar Hyd,akum241,adj_sprvsr_nm,nt_id,OGS,First_Pass,Manual,2F7128,F006_3.2,1692.0,0.0,1,4am,arapseal,593238634,null,74
2019-06-20,7850713993,DART,144,01,2,000165467,AMIRMD,mamir1,Kamal Gohar,kgohar10,adj_sprvsr_nm,nt_id,Concentrix,First_Pass,Manual,199409,P001_4.7,200.48,24.5,3,4am,arapseal,330057155,null,74
2019-06-20,7850770425,UNOA,765,01,1,000407830,Devi,dchand16,Jitendra kumar verma,jverma3,adj_sprvsr_nm,nt_id,OGS,First_Pass,Manual,5Y6327,I005_2.12,278.0,180.7,1,4am,arapseal,756000439,null,74
2019-06-20,7850929803,DART,144,08,1,000165467,AMIRMD,mamir1,Kamal Gohar,kgohar10,adj_sprvsr_nm,nt_id,Concentrix,First_Pass,Manual,199409,I017_5.23,425.01,165.92,3,4am,arapseal,222862167,null,74
2019-06-20,7851167346,YOGI,387,01,3,000371387,Kumar Kataram ,kkuma268,Rajeesh P,rp5,adj_sprvsr_nm,nt_id,OGS,First_Pass,Manual,744647,F009_1.6,324.0,0.0,1,4am,arapseal,742638006,null,74
2019-06-20,7851356344,CTR1,281,02,1,000291942,CASTILLA KIMBERLY,kcastil5,James Crandall,jcranda1,adj_sprvsr_nm,nt_id,Buffalo,First_Pass,Manual,915725,P001_4.11,800.0,83.91,3,4am,arapseal,954529005,null,74
2019-06-20,7851603526,WST1,409,01,1,000290386,CANDACE MARIE HENRY,chenry31,David Youngblood,dyoun48,adj_sprvsr_nm,nt_id,Chico,First_Pass,Manual,907816,I017_5.23,240.0,180.0,3,4am,arapseal,813893787,null,74
2019-06-20,7851603526,WST1,409,01,1,000290386,CANDACE MARIE HENRY,chenry31,David Youngblood,dyoun48,adj_sprvsr_nm,nt_id,Chico,First_Pass,Manual,907816,P001_4.21,240.0,180.0,3,4am,arapseal,813893787,null,74
2019-06-20,7851603526,WST1,409,01,4,000290386,CANDACE MARIE HENRY,chenry31,David Youngblood,dyoun48,adj_sprvsr_nm,nt_id,Chico,First_Pass,Manual,907816,I017_5.23,240.0,180.0,3,4am,arapseal,813893787,null,74
2019-06-20,7851603526,WST1,409,01,4,000290386,CANDACE MARIE HENRY,chenry31,David Youngblood,dyoun48,adj_sprvsr_nm,nt_id,Chico,First_Pass,Manual,907816,P001_4.21,240.0,180.0,3,4am,arapseal,813893787,null,74
2019-06-20,7852105728,STH1,763,01,2,000408145,Rahul,rkuma372,Jitendra kumar verma,jverma3,adj_sprvsr_nm,nt_id,OGS,First_Pass,Manual,9X6645,I017_5.23,2963.0,17.16,1,4am,arapseal,133757370,null,74
2019-06-20,7852202883,QARK,043,01,1,000137969,Phat Srirattanapirom,psrirat,Deborah Heflin,dhefli1,adj_sprvsr_nm,nt_id,Greensboro,First_Pass,Manual,191690,P001_4.27,217.0,0.0,3,4am,arapseal,426004813,null,74
2019-06-20,7852384993,NRTH,793,01,1,000008273,AutoId,AutoId,Manish Choudhary,mchoud3,,,WIPRO,,Auto,168504,P001_4.20,1993.16,456.92,3,4am,arapseal,410729979,null,74
2019-06-20,7852474706,UNOA,763,01,1,000407890,Sudarshan,ssing459,Jitendra kumar verma,jverma3,adj_sprvsr_nm,nt_id,OGS,First_Pass,Manual,495877,N008_15.3,3870.0,747.46,1,4am,arapseal,272791517,null,74
2019-06-20,7852474706,UNOA,763,01,3,000407890,Sudarshan,ssing459,Jitendra kumar verma,jverma3,adj_sprvsr_nm,nt_id,OGS,First_Pass,Manual,495877,N008_15.3,3870.0,747.46,1,4am,arapseal,272791517,null,74
2019-06-20,7853111537,STH1,763,01,1,000407890,Sudarshan,ssing459,Jitendra kumar verma,jverma3,adj_sprvsr_nm,nt_id,OGS,First_Pass,Manual,578197,P001_4.7,150.38,22.17,1,4am,arapseal,391102739,null,74
2019-06-20,7853112811,UNOA,763,01,1,000407890,Sudarshan,ssing459,Jitendra kumar verma,jverma3,adj_sprvsr_nm,nt_id,OGS,First_Pass,Manual,9N4589,P001_4.7,270.89,76.26,1,4am,arapseal,391102739,null,74
2019-06-20,7853374660,STH1,497,01,2,000278824,K Ganesh Kumar,kkuma120,Rajeesh P,rp5,adj_sprvsr_nm,nt_id,OGS,First_Pass,Manual,766166,L002_8.10,300.0,113.81,1,4am,arapseal,840175870,Platinum (P1),74
2019-06-20,7853464858,XFIL,516,01,1,000149574,SINGHAMIT KUMAR,asin113,RUPESH KUMAR,rkumar7,adj_sprvsr_nm,nt_id,Concentrix,First_Pass,Manual,907618,I005_2.17,1523.44,0.0,1,4am,arapseal,381360584,null,74
2019-06-20,7853464858,XFIL,516,01,2,000149574,SINGHAMIT KUMAR,asin113,RUPESH KUMAR,rkumar7,adj_sprvsr_nm,nt_id,Concentrix,First_Pass,Manual,907618,I005_2.17,1523.44,0.0,1,4am,arapseal,381360584,null,74
2019-06-20,7853530957,STH1,523,01,1,000422441,Roopali Saxena,rsaxena9,Jitendra kumar verma,jverma3,adj_sprvsr_nm,nt_id,OGS,First_Pass,Manual,7Y2980,K001_14.19,1110.0,396.0,1,4am,arapseal,621827534,null,74
2019-06-20,7853536484,STH1,026,01,3,000407839,Krishan,kkuma320,Jitendra kumar verma,jverma3,adj_sprvsr_nm,nt_id,OGS,First_Pass,Manual,6Y3888,L001_10.11,1058.21,442.42,1,4am,arapseal,825435943,null,74
2019-06-20,7853851581,XFIL,021,01,1,000238410,MAHATORANJIT KUMAR,rmahato2,Kamal Gohar,kgohar10,adj_sprvsr_nm,nt_id,Concentrix,First_Pass,Manual,710539,P001_4.20,585.0,0.0,3,4am,arapseal,464273622,null,74
2019-06-20,7854017962,UNOA,763,01,1,000407891,Shankhadeep,sdey27,Jitendra kumar verma,jverma3,adj_sprvsr_nm,nt_id,OGS,First_Pass,Manual,5S3622,I005_2.12,947.16,0.0,1,4am,arapseal,261293378,null,74
2019-06-20,7854017962,UNOA,763,01,2,000407891,Shankhadeep,sdey27,Jitendra kumar verma,jverma3,adj_sprvsr_nm,nt_id,OGS,First_Pass,Manual,5S3622,I005_2.12,947.16,0.0,1,4am,arapseal,261293378,null,74
2019-06-20,7854017962,UNOA,763,01,3,000407891,Shankhadeep,sdey27,Jitendra kumar verma,jverma3,adj_sprvsr_nm,nt_id,OGS,First_Pass,Manual,5S3622,I005_2.12,947.16,0.0,1,4am,arapseal,261293378,null,74
2019-06-20,7854017962,UNOA,763,01,4,000407891,Shankhadeep,sdey27,Jitendra kumar verma,jverma3,adj_sprvsr_nm,nt_id,OGS,First_Pass,Manual,5S3622,I005_2.12,947.16,0.0,1,4am,arapseal,261293378,null,74
2019-06-20,7854017962,UNOA,763,01,5,000407891,Shankhadeep,sdey27,Jitendra kumar verma,jverma3,adj_sprvsr_nm,nt_id,OGS,First_Pass,Manual,5S3622,I005_2.12,947.16,0.0,1,4am,arapseal,261293378,null,74
2019-06-20,7854092225,YOGI,125,02,1,000243499,KRYSTALYN WILLIAMS,kwilli80,Darryl Moore,dmoore11,adj_sprvsr_nm,nt_id,Greensboro,First_Pass,Manual,712670,I018_16.1,25.0,0.0,3,4am,arapseal,200207585,null,74
2019-06-20,7854092225,YOGI,125,03,1,000243499,KRYSTALYN WILLIAMS,kwilli80,Darryl Moore,dmoore11,adj_sprvsr_nm,nt_id,Greensboro,First_Pass,Manual,712670,I018_16.1,219.0,0.0,3,4am,arapseal,200207585,null,74
2019-06-20,7854092225,YOGI,125,03,2,000243499,KRYSTALYN WILLIAMS,kwilli80,Darryl Moore,dmoore11,adj_sprvsr_nm,nt_id,Greensboro,First_Pass,Manual,712670,I018_16.1,219.0,0.0,3,4am,arapseal,200207585,null,74
2019-06-20,7854092225,YOGI,125,03,3,000243499,KRYSTALYN WILLIAMS,kwilli80,Darryl Moore,dmoore11,adj_sprvsr_nm,nt_id,Greensboro,First_Pass,Manual,712670,I018_16.1,219.0,0.0,3,4am,arapseal,200207585,null,74
2019-06-20,7854092225,YOGI,125,03,4,000243499,KRYSTALYN WILLIAMS,kwilli80,Darryl Moore,dmoore11,adj_sprvsr_nm,nt_id,Greensboro,First_Pass,Manual,712670,I018_16.1,219.0,0.0,3,4am,arapseal,200207585,null,74
2019-06-20,7854092225,YOGI,125,03,5,000243499,KRYSTALYN WILLIAMS,kwilli80,Darryl Moore,dmoore11,adj_sprvsr_nm,nt_id,Greensboro,First_Pass,Manual,712670,I018_16.1,219.0,0.0,3,4am,arapseal,200207585,null,74
2019-06-20,7854092225,YOGI,125,03,6,000243499,KRYSTALYN WILLIAMS,kwilli80,Darryl Moore,dmoore11,adj_sprvsr_nm,nt_id,Greensboro,First_Pass,Manual,712670,I018_16.1,219.0,0.0,3,4am,arapseal,200207585,null,74
2019-06-20,7854092225,YOGI,125,04,1,000243499,KRYSTALYN WILLIAMS,kwilli80,Darryl Moore,dmoore11,adj_sprvsr_nm,nt_id,Greensboro,First_Pass,Manual,712670,I018_16.1,128.0,0.0,3,4am,arapseal,200207585,null,74
2019-06-20,7854092225,YOGI,125,04,2,000243499,KRYSTALYN WILLIAMS,kwilli80,Darryl Moore,dmoore11,adj_sprvsr_nm,nt_id,Greensboro,First_Pass,Manual,712670,I018_16.1,128.0,0.0,3,4am,arapseal,200207585,null,74
2019-06-20,7854092225,YOGI,125,04,3,000243499,KRYSTALYN WILLIAMS,kwilli80,Darryl Moore,dmoore11,adj_sprvsr_nm,nt_id,Greensboro,First_Pass,Manual,712670,I018_16.1,128.0,0.0,3,4am,arapseal,200207585,null,74
2019-06-20,7854093152,EST1,157,01,1,000306202,Sarah Houghton,shought1,Lerin Royall,lroyall,adj_sprvsr_nm,nt_id,Chico,First_Pass,Manual,730292,O001_1.1,1811.0,0.0,3,4am,arapseal,069000005,null,74
2019-06-20,7854093152,EST1,157,01,2,000306202,Sarah Houghton,shought1,Lerin Royall,lroyall,adj_sprvsr_nm,nt_id,Chico,First_Pass,Manual,730292,O001_1.1,1811.0,0.0,3,4am,arapseal,069000005,null,74
2019-06-20,7854352610,UNOA,763,02,2,000407890,Sudarshan,ssing459,Jitendra kumar verma,jverma3,adj_sprvsr_nm,nt_id,OGS,First_Pass,Manual,2U7492,M004_13.10,4010.9,1808.0,1,4am,arapseal,911858433,null,74
2019-06-20,7854920483,UNOA,704,01,2,000312346,Ch Shiva Narayana,schint12,Rajeesh P,rp5,adj_sprvsr_nm,nt_id,OGS,First_Pass,Manual,6X9211,L002_8.10,387.0,145.01,1,4am,arapseal,760386391,Platinum (P1),74
2019-06-20,7854924571,WST1,445,01,1,000008273,AutoId,AutoId,Manish Choudhary,mchoud3,,,WIPRO,,Auto,708936,J004_1.2,1104.0,736.0,1,4am,arapseal,941156581,null,74
2019-06-20,7854955526,NRTH,791,01,5,000008273,AutoId,AutoId,Manish Choudhary,mchoud3,,,WIPRO,,Auto,168504,L002_8.10,136.0,76.76,3,4am,arapseal,561847193,Platinum (P1),74
2019-06-20,7855868815,UNOA,763,01,1,000278824,K Ganesh Kumar,kkuma120,Rajeesh P,rp5,adj_sprvsr_nm,nt_id,OGS,First_Pass,Manual,4U7543,P001_4.27,128.0,0.0,1,4am,arapseal,263162145,null,74
2019-06-20,7855982364,FOXX,110,01,1,000258254,Kimberly Shipley,kshipl1,David Youngblood,dyoun48,adj_sprvsr_nm,nt_id,Springfield,First_Pass,Manual,714273,P001_4.16,21863.74,2227.61,3,4am,arapseal,751008430,null,74
2019-06-20,7856367799,CTR1,516,02,1,000187142,UPADHYAYMANISH,mupadh1,PANKAJ OBEROI,pberoi,adj_sprvsr_nm,nt_id,Concentrix,First_Pass,Manual,712645,I018_16.1,15.0,0.0,1,4am,arapseal,061483728,null,74
2019-06-20,7857308710,UNOA,735,01,1,000342127,Kasulabad Ajay,kajay100,Ajay Kumar Hyd,akum241,adj_sprvsr_nm,nt_id,OGS,First_Pass,Manual,5W3093,I018_16.1,90.0,0.0,1,4am,arapseal,611589800,null,74
2019-06-20,7857308710,UNOA,735,01,2,000342127,Kasulabad Ajay,kajay100,Ajay Kumar Hyd,akum241,adj_sprvsr_nm,nt_id,OGS,First_Pass,Manual,5W3093,I018_16.1,90.0,0.0,1,4am,arapseal,611589800,null,74
2019-06-20,7857308710,UNOA,735,01,3,000342127,Kasulabad Ajay,kajay100,Ajay Kumar Hyd,akum241,adj_sprvsr_nm,nt_id,OGS,First_Pass,Manual,5W3093,I018_16.1,90.0,0.0,1,4am,arapseal,611589800,null,74
2019-06-20,7857308712,UNOA,735,01,1,000342127,Kasulabad Ajay,kajay100,Ajay Kumar Hyd,akum241,adj_sprvsr_nm,nt_id,OGS,First_Pass,Manual,5W3093,I018_16.1,90.0,0.0,1,4am,arapseal,611589800,null,74
2019-06-20,7857308712,UNOA,735,01,2,000342127,Kasulabad Ajay,kajay100,Ajay Kumar Hyd,akum241,adj_sprvsr_nm,nt_id,OGS,First_Pass,Manual,5W3093,I018_16.1,90.0,0.0,1,4am,arapseal,611589800,null,74
2019-06-20,7857308712,UNOA,735,01,3,000342127,Kasulabad Ajay,kajay100,Ajay Kumar Hyd,akum241,adj_sprvsr_nm,nt_id,OGS,First_Pass,Manual,5W3093,I018_16.1,90.0,0.0,1,4am,arapseal,611589800,null,74
2019-06-20,7857308714,UNOA,735,01,1,000342127,Kasulabad Ajay,kajay100,Ajay Kumar Hyd,akum241,adj_sprvsr_nm,nt_id,OGS,First_Pass,Manual,5W3093,I018_16.1,90.0,0.0,1,4am,arapseal,611589800,null,74
2019-06-20,7857308714,UNOA,735,01,2,000342127,Kasulabad Ajay,kajay100,Ajay Kumar Hyd,akum241,adj_sprvsr_nm,nt_id,OGS,First_Pass,Manual,5W3093,I018_16.1,90.0,0.0,1,4am,arapseal,611589800,null,74
2019-06-20,7857308714,UNOA,735,01,3,000342127,Kasulabad Ajay,kajay100,Ajay Kumar Hyd,akum241,adj_sprvsr_nm,nt_id,OGS,First_Pass,Manual,5W3093,I018_16.1,90.0,0.0,1,4am,arapseal,611589800,null,74
2019-06-20,7857308715,UNOA,735,01,1,000342127,Kasulabad Ajay,kajay100,Ajay Kumar Hyd,akum241,adj_sprvsr_nm,nt_id,OGS,First_Pass,Manual,5W3093,I018_16.1,65.0,0.0,1,4am,arapseal,611589800,null,74
2019-06-20,7857308715,UNOA,735,01,2,000342127,Kasulabad Ajay,kajay100,Ajay Kumar Hyd,akum241,adj_sprvsr_nm,nt_id,OGS,First_Pass,Manual,5W3093,I018_16.1,65.0,0.0,1,4am,arapseal,611589800,null,74
2019-06-20,7857310205,STH1,155,01,3,000384549,YasasviRamsagar Narsimha,ryasasvi,Ajay Kumar Hyd,akum241,adj_sprvsr_nm,nt_id,OGS,First_Pass,Manual,5F5117,I017_5.23,230.0,5.27,1,4am,arapseal,593477388,Platinum (Beta),74
2019-06-20,7857310205,STH1,155,01,3,000384549,YasasviRamsagar Narsimha,ryasasvi,Ajay Kumar Hyd,akum241,adj_sprvsr_nm,nt_id,OGS,First_Pass,Manual,5F5117,P001_4.16,230.0,5.27,1,4am,arapseal,593477388,Platinum (Beta),74
2019-06-20,7857310205,STH1,155,01,3,000384549,YasasviRamsagar Narsimha,ryasasvi,Ajay Kumar Hyd,akum241,adj_sprvsr_nm,nt_id,OGS,First_Pass,Manual,5F5117,P001_4.21,230.0,5.27,1,4am,arapseal,593477388,Platinum (Beta),74
2019-06-20,7857632408,ZEUS,131,01,1,000181422,Stephanie Perry,sperr39,Byers Sheri S,sbyers13,adj_sprvsr_nm,nt_id,Greensboro,First_Pass,Manual,755393,L001_10.1,28480.03,16868.95,3,4am,arapseal,953561198,null,74
2019-06-20,7857632408,ZEUS,131,01,1,000181422,Stephanie Perry,sperr39,Byers Sheri S,sbyers13,adj_sprvsr_nm,nt_id,Greensboro,First_Pass,Manual,755393,L001_10.11,28480.03,16868.95,3,4am,arapseal,953561198,null,74
2019-06-20,7857632408,ZEUS,131,01,2,000181422,Stephanie Perry,sperr39,Byers Sheri S,sbyers13,adj_sprvsr_nm,nt_id,Greensboro,First_Pass,Manual,755393,L001_10.1,28480.03,16868.95,3,4am,arapseal,953561198,null,74
2019-06-20,7859324636,CTR1,354,01,1,000278824,K Ganesh Kumar,kkuma120,Rajeesh P,rp5,adj_sprvsr_nm,nt_id,OGS,First_Pass,Manual,714852,P001_4.27,177.0,0.0,3,4am,arapseal,390944012,null,74
2019-06-20,7860112535,NRTH,021,01,1,000238406,KHANMD IRFAN,ikhan103,Kamal Gohar,kgohar10,adj_sprvsr_nm,nt_id,Concentrix,First_Pass,Manual,744407,K002_7.4,9092.5,8265.71,3,4am,arapseal,941156581,null,74
2019-06-20,7860112535,NRTH,021,01,2,000238406,KHANMD IRFAN,ikhan103,Kamal Gohar,kgohar10,adj_sprvsr_nm,nt_id,Concentrix,First_Pass,Manual,744407,K002_7.4,9092.5,8265.71,3,4am,arapseal,941156581,null,74
2019-06-20,7860112535,NRTH,021,01,3,000238406,KHANMD IRFAN,ikhan103,Kamal Gohar,kgohar10,adj_sprvsr_nm,nt_id,Concentrix,First_Pass,Manual,744407,K002_7.4,9092.5,8265.71,3,4am,arapseal,941156581,null,74
2019-06-20,7861469008,XFIL,537,01,1,000331797,Ammie Erica Atanacio ,aatanaci,Darryl Moore ,dmoore11,adj_sprvsr_nm,nt_id,Greensboro,First_Pass,Manual,744432,P001_4.11,43351.56,0.0,3,4am,arapseal,721534446,null,74
2019-06-20,7861469008,XFIL,537,01,2,000331797,Ammie Erica Atanacio ,aatanaci,Darryl Moore ,dmoore11,adj_sprvsr_nm,nt_id,Greensboro,First_Pass,Manual,744432,P001_4.11,43351.56,0.0,3,4am,arapseal,721534446,null,74
2019-06-20,7861469008,XFIL,537,01,3,000331797,Ammie Erica Atanacio ,aatanaci,Darryl Moore ,dmoore11,adj_sprvsr_nm,nt_id,Greensboro,First_Pass,Manual,744432,P001_4.11,43351.56,0.0,3,4am,arapseal,721534446,null,74
2019-06-20,7861501141,QARK,390,01,1,000165059,Kyle Hamilton,khami16,Ken Coffey,kcoffe1,adj_sprvsr_nm,nt_id,Chico,First_Pass,Manual,704201,P001_4.11,27906.56,0.0,3,4am,arapseal,043129981,null,74
2019-06-20,7861501141,QARK,390,01,2,000165059,Kyle Hamilton,khami16,Ken Coffey,kcoffe1,adj_sprvsr_nm,nt_id,Chico,First_Pass,Manual,704201,P001_4.11,27906.56,0.0,3,4am,arapseal,043129981,null,74
2019-06-20,7861868180,XFIL,537,01,1,000331797,Ammie Erica Atanacio ,aatanaci,Darryl Moore ,dmoore11,adj_sprvsr_nm,nt_id,Greensboro,First_Pass,Manual,744432,P001_4.11,25737.77,0.0,3,4am,arapseal,043441506,null,74
2019-06-20,7861868180,XFIL,537,01,2,000331797,Ammie Erica Atanacio ,aatanaci,Darryl Moore ,dmoore11,adj_sprvsr_nm,nt_id,Greensboro,First_Pass,Manual,744432,P001_4.11,25737.77,0.0,3,4am,arapseal,043441506,null,74
2019-06-20,7861868180,XFIL,537,01,3,000331797,Ammie Erica Atanacio ,aatanaci,Darryl Moore ,dmoore11,adj_sprvsr_nm,nt_id,Greensboro,First_Pass,Manual,744432,P001_4.11,25737.77,0.0,3,4am,arapseal,043441506,null,74
2019-06-20,7863622551,NRTH,791,01,2,000008273,AutoId,AutoId,Manish Choudhary,mchoud3,,,WIPRO,,Auto,168504,L002_8.10,183.0,43.98,3,4am,arapseal,593360315,null,74
2019-06-20,7864147820,EST1,436,01,1,000008273,AutoId,AutoId,David Youngblood,dyoun48,,,Chico,,Auto,710702,P001_4.27,29.28,0.0,3,4am,arapseal,520689917,Platinum (P4),74
2019-06-20,AA00371850,STH1,494,01,7,000384549,YasasviRamsagar Narsimha,ryasasvi,Ajay Kumar Hyd,akum241,adj_sprvsr_nm,nt_id,OGS,First_Pass,Manual,9Y1707,L021_1.2,90203.05,8876.0,1,4am,arapseal,841321373,null,74
2019-06-20,AA01682142,YOGI,143,01,1,000289225,PatelBhupendra Kumar,bpatel38,Kamal Gohar,kgohar10,adj_sprvsr_nm,nt_id,Concentrix,First_Pass,Manual,743073,F009_1.10,141.0,98.7,3,4am,arapseal,208937577,null,74
