Rule_execution_date,ICN,Engine,Payloc,Suffix,Service_Line,Adjuster_id,Associate_Name,Assoc_Nt_Id,Supervisor_name,Supervisor_Nt_Id,Adj_Supervisor_name,Adj_Supervisor_Nt_Id,Site,Org_id,Claim_Type,Policy,SEAL_RULE_Code,CHRG_AMT,Paid_Amount,Fund_Type,Feed_Time,Executed_By,TIN,TIN_Segment,Inventory 71/74
2019-06-20,7779027927,QARK,398,01,1,000161630,DIANA L COLE,dcole33,Ken Coffey,kcoffe1,adj_sprvsr_nm,nt_id,Chico,First_Pass,Manual,704201,N008_15.1,16000.0,7116.94,3,11pm,arapseal,462443925,null,74
2019-06-20,7825203835,MYTH,387,02,1,000245960,Tamatakal Venkatesh Venkatesh Phanish,tphanish,Rajeesh P,rp5,adj_sprvsr_nm,nt_id,OGS,First_Pass,Manual,917619,P001_4.26,56.25,0.0,1,11pm,arapseal,742554159,null,74
2019-06-20,7826894630,QARK,420,01,1,000398504,CHAMBERS MONTRICE,mchamb18,Sheri Byers,sbyers13,adj_sprvsr_nm,nt_id,Greensboro,First_Pass,Manual,222244,P001_4.25,185.0,0.0,3,11pm,arapseal,463990821,null,74
2019-06-20,7831146104,STH1,026,02,1,000407854,Abhishek,amanral,Jitendra kumar verma,jverma3,adj_sprvsr_nm,nt_id,OGS,First_Pass,Manual,2Y0627,I017_5.23,413.95,0.0,1,11pm,arapseal,200310967,null,74
2019-06-20,7831146104,STH1,026,02,2,000407854,Abhishek,amanral,Jitendra kumar verma,jverma3,adj_sprvsr_nm,nt_id,OGS,First_Pass,Manual,2Y0627,I017_5.23,413.95,0.0,1,11pm,arapseal,200310967,null,74
2019-06-20,7831146104,STH1,026,02,3,000407854,Abhishek,amanral,Jitendra kumar verma,jverma3,adj_sprvsr_nm,nt_id,OGS,First_Pass,Manual,2Y0627,I017_5.23,413.95,0.0,1,11pm,arapseal,200310967,null,74
2019-06-20,7831146104,STH1,026,05,1,000407854,Abhishek,amanral,Jitendra kumar verma,jverma3,adj_sprvsr_nm,nt_id,OGS,First_Pass,Manual,2Y0627,I017_5.23,1518.54,0.0,1,11pm,arapseal,200310967,null,74
2019-06-20,7831329606,DART,144,01,1,000198738,JAMEELSADIQUE,sjameel1,Kamal Gohar,kgohar10,adj_sprvsr_nm,nt_id,Concentrix,First_Pass,Manual,199409,I017_5.10,3390.75,2065.47,3,11pm,arapseal,911911869,null,74
2019-06-20,7831330211,MYTH,218,01,1,000180533,Murali Mohan M,mm15,Bheemana K Gowd,bgowd,adj_sprvsr_nm,nt_id,OGS,First_Pass,Manual,914870,I017_5.10,7601.0,449.58,1,11pm,arapseal,581036115,null,74
2019-06-20,7831591750,YOGI,154,01,1,000399175,Sanders Sharonda M,ssand42,Rebecca Vaughan,rvaughan,adj_sprvsr_nm,nt_id,Springfield,First_Pass,Manual,227037,I017_5.23,84.0,38.64,3,11pm,arapseal,840611484,null,74
2019-06-20,7831591750,YOGI,154,01,1,000399175,Sanders Sharonda M,ssand42,Rebecca Vaughan,rvaughan,adj_sprvsr_nm,nt_id,Springfield,First_Pass,Manual,227037,P001_4.16,84.0,38.64,3,11pm,arapseal,840611484,null,74
2019-06-20,7831591750,YOGI,154,01,1,000399175,Sanders Sharonda M,ssand42,Rebecca Vaughan,rvaughan,adj_sprvsr_nm,nt_id,Springfield,First_Pass,Manual,227037,P001_4.21,84.0,38.64,3,11pm,arapseal,840611484,null,74
2019-06-20,7831591750,YOGI,154,01,2,000399175,Sanders Sharonda M,ssand42,Rebecca Vaughan,rvaughan,adj_sprvsr_nm,nt_id,Springfield,First_Pass,Manual,227037,I017_5.23,84.0,38.64,3,11pm,arapseal,840611484,null,74
2019-06-20,7831591750,YOGI,154,01,2,000399175,Sanders Sharonda M,ssand42,Rebecca Vaughan,rvaughan,adj_sprvsr_nm,nt_id,Springfield,First_Pass,Manual,227037,P001_4.16,84.0,38.64,3,11pm,arapseal,840611484,null,74
2019-06-20,7831591750,YOGI,154,01,2,000399175,Sanders Sharonda M,ssand42,Rebecca Vaughan,rvaughan,adj_sprvsr_nm,nt_id,Springfield,First_Pass,Manual,227037,P001_4.21,84.0,38.64,3,11pm,arapseal,840611484,null,74
2019-06-20,7832305817,QARK,420,01,2,000398504,CHAMBERS MONTRICE,mchamb18,Sheri Byers,sbyers13,adj_sprvsr_nm,nt_id,Greensboro,First_Pass,Manual,222244,L021_1.1,1213.0,574.5,3,11pm,arapseal,810584939,null,74
2019-06-20,7833801430,STH1,763,01,1,000422436,Bhim Thapa,Bthapa2,Jitendra kumar verma,jverma3,adj_sprvsr_nm,nt_id,OGS,First_Pass,Manual,3F9463,P001_4.6,5780.0,546.0,1,11pm,arapseal,271947067,null,74
2019-06-20,7835858260,OMNI,042,01,1,000266129,Kadari Sainadh,ksainadh,Bheemana K Gowd,bgowd,adj_sprvsr_nm,nt_id,OGS,First_Pass,Manual,226310,I005_2.2,35407.69,20568.04,3,11pm,arapseal,450439149,null,74
2019-06-20,7835858260,OMNI,042,01,2,000266129,Kadari Sainadh,ksainadh,Bheemana K Gowd,bgowd,adj_sprvsr_nm,nt_id,OGS,First_Pass,Manual,226310,I005_2.2,35407.69,20568.04,3,11pm,arapseal,450439149,null,74
2019-06-20,7835862272,YOGI,048,01,2,000291333,JOHNSONKATHERINE MARGARET,kjohn184,Tyrone Davis,sbyers13,adj_sprvsr_nm,nt_id,Greensboro,First_Pass,Manual,701388,P001_4.20,550.0,246.17,3,11pm,arapseal,521128613,null,74
2019-06-20,7836093106,EST1,046,01,1,000398515,LEAK JASMINE,jleak2,Byers ,sbyers13,adj_sprvsr_nm,nt_id,Greensboro,First_Pass,Manual,100400,I005_2.12,634.0,431.12,3,11pm,arapseal,831989528,null,74
2019-06-20,7836281920,WST1,409,01,1,000238164,Jennifer Songer,jsonger,Mildred Lopez,mrosar2,adj_sprvsr_nm,nt_id,Springfield,First_Pass,Manual,907816,P001_4.20,672.0,144.0,3,11pm,arapseal,742770542,null,74
2019-06-20,7836281922,WST1,409,01,1,000238164,Jennifer Songer,jsonger,Mildred Lopez,mrosar2,adj_sprvsr_nm,nt_id,Springfield,First_Pass,Manual,907816,F009_1.11,686.0,147.0,3,11pm,arapseal,742770542,null,74
2019-06-20,7836281923,WST1,409,01,1,000238164,Jennifer Songer,jsonger,Mildred Lopez,mrosar2,adj_sprvsr_nm,nt_id,Springfield,First_Pass,Manual,907816,F009_1.11,686.0,147.0,3,11pm,arapseal,742770542,null,74
2019-06-20,7838066572,XFIL,143,01,1,000298888,wagayManzoor Ahmad,mwagay,Kamal Gohar,kgohar10,adj_sprvsr_nm,nt_id,Concentrix,First_Pass,Manual,906344,I005_2.12,15685.56,14801.32,3,11pm,arapseal,261442063,null,74
2019-06-20,7838456647,WST1,465,01,3,000021801,Reid   Mary K,mdowsla,Lerin Royall,lroyall,adj_sprvsr_nm,nt_id,Chico,First_Pass,Manual,706539,L001_10.1,1397.0,150.0,3,11pm,arapseal,314394942,null,74
2019-06-20,7838757930,MYTH,218,01,2,000405662,GANGULA ARJUN SEKHAR,gsekhar2,Bheemana K Gowd,bgowd,adj_sprvsr_nm,nt_id,OGS,First_Pass,Manual,916076,I017_5.10,4210.0,3454.48,1,11pm,arapseal,581520845,null,74
2019-06-20,7838841996,STH1,494,01,3,000407848,Khushboo,kverma19,Jitendra kumar verma,jverma3,adj_sprvsr_nm,nt_id,OGS,First_Pass,Manual,7J6399,L021_1.1,21084.94,15103.97,1,11pm,arapseal,522218584,Platinum (P4),74
2019-06-20,7842840444,EST1,046,02,1,000019378,Karen Kinne,kkinne,Byers Sheri S,sbyers13,adj_sprvsr_nm,nt_id,Greensboro,First_Pass,Manual,100400,P001_4.11,217.25,0.0,3,11pm,arapseal,362174832,null,74
2019-06-20,7842962566,CTR1,479,01,1,000111756,MARTHA V FERREE,mferre2,Deborah Heflin,dhefli1,adj_sprvsr_nm,nt_id,Greensboro,First_Pass,Manual,906861,P001_4.27,62554.6,0.0,1,11pm,arapseal,901074557,null,74
2019-06-20,7843531475,WST1,161,01,1,000213595,MEENA YADAV,MYADAV15,SANAT KUMAR PANDA,spanda7,adj_sprvsr_nm,nt_id,WIPRO,First_Pass,Manual,708493,P001_4.16,1526.74,1021.05,3,11pm,arapseal,351494500,null,74
2019-06-20,7843531475,WST1,161,01,1,000213595,MEENA YADAV,MYADAV15,SANAT KUMAR PANDA,spanda7,adj_sprvsr_nm,nt_id,WIPRO,First_Pass,Manual,708493,P001_4.21,1526.74,1021.05,3,11pm,arapseal,351494500,null,74
2019-06-20,7843531475,WST1,161,01,2,000213595,MEENA YADAV,MYADAV15,SANAT KUMAR PANDA,spanda7,adj_sprvsr_nm,nt_id,WIPRO,First_Pass,Manual,708493,P001_4.16,1526.74,1021.05,3,11pm,arapseal,351494500,null,74
2019-06-20,7843531475,WST1,161,01,2,000213595,MEENA YADAV,MYADAV15,SANAT KUMAR PANDA,spanda7,adj_sprvsr_nm,nt_id,WIPRO,First_Pass,Manual,708493,P001_4.21,1526.74,1021.05,3,11pm,arapseal,351494500,null,74
2019-06-20,7844683958,XFIL,387,01,1,000371387,Kumar Kataram ,kkuma268,Rajeesh P,rp5,adj_sprvsr_nm,nt_id,OGS,First_Pass,Manual,906022,I017_5.10,3995.0,1741.09,1,11pm,arapseal,203059260,null,74
2019-06-20,7844683959,XFIL,387,01,1,000371387,Kumar Kataram ,kkuma268,Rajeesh P,rp5,adj_sprvsr_nm,nt_id,OGS,First_Pass,Manual,906022,I017_5.10,3995.0,1741.09,1,11pm,arapseal,203059260,null,74
2019-06-20,7844820563,DART,126,01,5,000422438,Renu kumari,rkuma420,Jitendra kumar verma,jverma3,adj_sprvsr_nm,nt_id,OGS,First_Pass,Manual,708744,P001_4.16,767.0,141.59,3,11pm,arapseal,208286871,null,74
2019-06-20,7845026208,STH1,765,01,2,000130248,KUMARROBIN,rkuma60,SUDHAMAYA PALA,spala5,adj_sprvsr_nm,nt_id,Concentrix,First_Pass,Manual,9P7033,I017_5.23,491.01,211.77,1,11pm,arapseal,391789197,Platinum (P3),74
2019-06-20,7846080773,UNOA,708,01,5,000303731,Brajendra Kumar,bkuma110,Abdul R Khan,akhan40,adj_sprvsr_nm,nt_id,OGS,First_Pass,Manual,8P5564,I017_5.23,112.5,22.96,1,11pm,arapseal,205880166,null,74
2019-06-20,7846080773,UNOA,708,01,6,000303731,Brajendra Kumar,bkuma110,Abdul R Khan,akhan40,adj_sprvsr_nm,nt_id,OGS,First_Pass,Manual,8P5564,I017_5.23,112.5,22.96,1,11pm,arapseal,205880166,null,74
2019-06-20,7846462320,UNOA,644,01,6,000303731,Brajendra Kumar,bkuma110,Abdul R Khan,akhan40,adj_sprvsr_nm,nt_id,OGS,First_Pass,Manual,8U6002,I017_5.23,775.04,76.89,1,11pm,arapseal,710897031,null,74
2019-06-20,7846515393,STH1,765,01,2,000407851,Vivek,vtiwar24,Jitendra kumar verma,jverma3,adj_sprvsr_nm,nt_id,OGS,First_Pass,Manual,1Y8272,P001_4.14,2488.0,0.0,1,11pm,arapseal,320552496,null,74
2019-06-20,7846515393,STH1,765,01,2,000407851,Vivek,vtiwar24,Jitendra kumar verma,jverma3,adj_sprvsr_nm,nt_id,OGS,First_Pass,Manual,1Y8272,P001_4.20,2488.0,0.0,1,11pm,arapseal,320552496,null,74
2019-06-20,7846740447,UNOA,494,01,1,000384534,MustafaMohammed,mmustaf2,Ajay Kumar Hyd,akum241,adj_sprvsr_nm,nt_id,OGS,First_Pass,Manual,7W0050,M004_13.18,200.0,0.0,1,11pm,arapseal,264299021,null,74
2019-06-20,7846740448,UNOA,494,01,1,000384534,MustafaMohammed,mmustaf2,Ajay Kumar Hyd,akum241,adj_sprvsr_nm,nt_id,OGS,First_Pass,Manual,7W0050,M004_13.18,200.0,0.0,1,11pm,arapseal,264299021,null,74
2019-06-20,7846740449,UNOA,494,01,1,000384534,MustafaMohammed,mmustaf2,Ajay Kumar Hyd,akum241,adj_sprvsr_nm,nt_id,OGS,First_Pass,Manual,7W0050,M004_13.18,200.0,0.0,1,11pm,arapseal,264299021,null,74
2019-06-20,7846740450,UNOA,494,01,1,000384534,MustafaMohammed,mmustaf2,Ajay Kumar Hyd,akum241,adj_sprvsr_nm,nt_id,OGS,First_Pass,Manual,7W0050,M004_13.18,200.0,0.0,1,11pm,arapseal,264299021,null,74
2019-06-20,7846740451,UNOA,494,01,1,000384534,MustafaMohammed,mmustaf2,Ajay Kumar Hyd,akum241,adj_sprvsr_nm,nt_id,OGS,First_Pass,Manual,7W0050,M004_13.18,200.0,0.0,1,11pm,arapseal,264299021,null,74
2019-06-20,7846932164,CTR1,479,01,1,000111756,MARTHA V FERREE,mferre2,Deborah Heflin,dhefli1,adj_sprvsr_nm,nt_id,Greensboro,First_Pass,Manual,906861,P001_4.27,62554.6,0.0,1,11pm,arapseal,901074557,null,74
2019-06-20,7848426103,OMNI,042,01,1,000422438,Renu kumari,rkuma420,Jitendra kumar verma,jverma3,adj_sprvsr_nm,nt_id,OGS,First_Pass,Manual,226310,I017_5.23,361.0,0.0,3,11pm,arapseal,411302714,null,74
2019-06-20,7848509346,UNOA,765,01,1,000422444,Sujata Saxena,Ssaxen42,Jitendra kumar verma,jverma3,adj_sprvsr_nm,nt_id,OGS,First_Pass,Manual,7X8446,P001_4.25,340.0,0.0,1,11pm,arapseal,824700551,null,74
2019-06-20,7848604039,UNOA,082,01,1,000384531,AmruthaTaluvageri,tamruth1,Ajay Kumar Hyd,akum241,adj_sprvsr_nm,nt_id,OGS,First_Pass,Manual,4W3455,N008_15.3,3981.05,2069.17,1,11pm,arapseal,391307909,null,74
2019-06-20,7848604039,UNOA,082,01,2,000384531,AmruthaTaluvageri,tamruth1,Ajay Kumar Hyd,akum241,adj_sprvsr_nm,nt_id,OGS,First_Pass,Manual,4W3455,N008_15.3,3981.05,2069.17,1,11pm,arapseal,391307909,null,74
2019-06-20,7848604039,UNOA,082,01,3,000384531,AmruthaTaluvageri,tamruth1,Ajay Kumar Hyd,akum241,adj_sprvsr_nm,nt_id,OGS,First_Pass,Manual,4W3455,N008_15.3,3981.05,2069.17,1,11pm,arapseal,391307909,null,74
2019-06-20,7848626200,XFIL,387,01,1,000384532,YaseenMohammed Abdul,ORg7,Rajeesh P,rp5,adj_sprvsr_nm,nt_id,OGS,First_Pass,Manual,712458,F009_1.3,923.0,34.39,1,11pm,arapseal,362739571,null,74
2019-06-20,7848769473,GEO1,516,01,1,000149574,SINGHAMIT KUMAR,asin113,RUPESH KUMAR,rkumar7,adj_sprvsr_nm,nt_id,Concentrix,First_Pass,Manual,184514,P001_4.25,75.0,0.0,1,11pm,arapseal,270904637,null,74
2019-06-20,7848769483,GEO1,516,01,1,000149574,SINGHAMIT KUMAR,asin113,RUPESH KUMAR,rkumar7,adj_sprvsr_nm,nt_id,Concentrix,First_Pass,Manual,184514,P001_4.25,75.0,0.0,1,11pm,arapseal,270904637,null,74
2019-06-20,7848782737,CTR1,431,01,2,000371381,Revathi Palabindela,prevath1,Rajeesh P,rp5,adj_sprvsr_nm,nt_id,OGS,First_Pass,Manual,701648,I005_2.13,75.0,52.5,1,11pm,arapseal,132989538,null,74
2019-06-20,7848797093,GEO1,516,01,1,000149574,SINGHAMIT KUMAR,asin113,RUPESH KUMAR,rkumar7,adj_sprvsr_nm,nt_id,Concentrix,First_Pass,Manual,184514,P001_4.25,75.0,0.0,1,11pm,arapseal,270904637,null,74
2019-06-20,7849619257,YOGI,089,01,1,000312346,Ch Shiva Narayana,schint12,Rajeesh P,rp5,adj_sprvsr_nm,nt_id,OGS,First_Pass,Manual,183644,P001_4.27,225.0,0.0,3,11pm,arapseal,383176225,null,74
2019-06-20,7851169834,XFIL,537,01,1,000182626,MARIA E MILLER,mmil139,Katherine A Thompson ,kwil156,adj_sprvsr_nm,nt_id,Greensboro,First_Pass,Manual,744432,F006_3.2,733.04,0.0,3,11pm,arapseal,742638006,null,74
2019-06-20,7851169835,XFIL,537,01,1,000182626,MARIA E MILLER,mmil139,Katherine A Thompson ,kwil156,adj_sprvsr_nm,nt_id,Greensboro,First_Pass,Manual,744432,F006_3.2,733.04,0.0,3,11pm,arapseal,742638006,null,74
2019-06-20,7851169849,XFIL,537,01,1,000182626,MARIA E MILLER,mmil139,Katherine A Thompson ,kwil156,adj_sprvsr_nm,nt_id,Greensboro,First_Pass,Manual,744432,F006_3.2,2492.7,0.0,3,11pm,arapseal,742638006,null,74
2019-06-20,7851219510,YOGI,303,01,3,000081587,Thomas Giffin,tgiffi1,Deborah Heflin,dhefli1,adj_sprvsr_nm,nt_id,Greensboro,First_Pass,Manual,915520,L014_19.2,4339.61,1620.0,3,11pm,arapseal,716046242,null,74
2019-06-20,7851607233,EST1,396,01,1,000290380,JESSICA L BURGOYNE,jburgoyn,Ken Coffey,kcoffe1,adj_sprvsr_nm,nt_id,Chico,First_Pass,Manual,730152,N008_15.1,7495.5,130.03,3,11pm,arapseal,454348447,null,74
2019-06-20,7851607233,EST1,396,01,2,000290380,JESSICA L BURGOYNE,jburgoyn,Ken Coffey,kcoffe1,adj_sprvsr_nm,nt_id,Chico,First_Pass,Manual,730152,N008_15.1,7495.5,130.03,3,11pm,arapseal,454348447,null,74
2019-06-20,7851607233,EST1,396,02,1,000290380,JESSICA L BURGOYNE,jburgoyn,Ken Coffey,kcoffe1,adj_sprvsr_nm,nt_id,Chico,First_Pass,Manual,730152,N008_15.1,1900.0,21.59,3,11pm,arapseal,454348447,null,74
2019-06-20,7851607233,EST1,396,03,1,000290380,JESSICA L BURGOYNE,jburgoyn,Ken Coffey,kcoffe1,adj_sprvsr_nm,nt_id,Chico,First_Pass,Manual,730152,N008_15.1,3747.75,35.81,3,11pm,arapseal,454348447,null,74
2019-06-20,7851607233,EST1,396,05,1,000290380,JESSICA L BURGOYNE,jburgoyn,Ken Coffey,kcoffe1,adj_sprvsr_nm,nt_id,Chico,First_Pass,Manual,730152,N008_15.1,1182.0,35.58,3,11pm,arapseal,454348447,null,74
2019-06-20,7851684226,MYTH,510,01,1,000405657,PULAGAM KRISHNA MOHANREDDY,pmohanre,Ajay Kumar Hyd,akum241,adj_sprvsr_nm,nt_id,OGS,First_Pass,Manual,909459,I017_5.23,512.0,302.3,3,11pm,arapseal,610945743,null,74
2019-06-20,7852279487,GEO1,225,01,1,000137969,Phat Srirattanapirom,psrirat,Deborah Heflin,dhefli1,adj_sprvsr_nm,nt_id,Greensboro,First_Pass,Manual,229556,P001_4.20,312.0,105.96,3,11pm,arapseal,840611484,null,74
2019-06-20,7852279487,GEO1,225,01,2,000137969,Phat Srirattanapirom,psrirat,Deborah Heflin,dhefli1,adj_sprvsr_nm,nt_id,Greensboro,First_Pass,Manual,229556,P001_4.20,312.0,105.96,3,11pm,arapseal,840611484,null,74
2019-06-20,7852279487,GEO1,225,01,3,000137969,Phat Srirattanapirom,psrirat,Deborah Heflin,dhefli1,adj_sprvsr_nm,nt_id,Greensboro,First_Pass,Manual,229556,P001_4.20,312.0,105.96,3,11pm,arapseal,840611484,null,74
2019-06-20,7852279487,GEO1,225,01,4,000137969,Phat Srirattanapirom,psrirat,Deborah Heflin,dhefli1,adj_sprvsr_nm,nt_id,Greensboro,First_Pass,Manual,229556,P001_4.20,312.0,105.96,3,11pm,arapseal,840611484,null,74
2019-06-20,7852279487,GEO1,225,01,5,000137969,Phat Srirattanapirom,psrirat,Deborah Heflin,dhefli1,adj_sprvsr_nm,nt_id,Greensboro,First_Pass,Manual,229556,P001_4.20,312.0,105.96,3,11pm,arapseal,840611484,null,74
2019-06-20,7852501982,ZEUS,510,01,1,000312346,Ch Shiva Narayana,schint12,Rajeesh P,rp5,adj_sprvsr_nm,nt_id,OGS,First_Pass,Manual,901933,I017_5.23,70.0,38.5,3,11pm,arapseal,841191923,null,74
2019-06-20,7852501982,ZEUS,510,01,2,000312346,Ch Shiva Narayana,schint12,Rajeesh P,rp5,adj_sprvsr_nm,nt_id,OGS,First_Pass,Manual,901933,I017_5.23,70.0,38.5,3,11pm,arapseal,841191923,null,74
2019-06-20,7852501982,ZEUS,510,01,3,000312346,Ch Shiva Narayana,schint12,Rajeesh P,rp5,adj_sprvsr_nm,nt_id,OGS,First_Pass,Manual,901933,I017_5.23,70.0,38.5,3,11pm,arapseal,841191923,null,74
2019-06-20,7852501982,ZEUS,510,01,4,000312346,Ch Shiva Narayana,schint12,Rajeesh P,rp5,adj_sprvsr_nm,nt_id,OGS,First_Pass,Manual,901933,I017_5.23,70.0,38.5,3,11pm,arapseal,841191923,null,74
2019-06-20,7852501982,ZEUS,510,01,5,000312346,Ch Shiva Narayana,schint12,Rajeesh P,rp5,adj_sprvsr_nm,nt_id,OGS,First_Pass,Manual,901933,I017_5.23,70.0,38.5,3,11pm,arapseal,841191923,null,74
2019-06-20,7852501982,ZEUS,510,01,6,000312346,Ch Shiva Narayana,schint12,Rajeesh P,rp5,adj_sprvsr_nm,nt_id,OGS,First_Pass,Manual,901933,I017_5.23,70.0,38.5,3,11pm,arapseal,841191923,null,74
2019-06-20,7852501982,ZEUS,510,01,7,000312346,Ch Shiva Narayana,schint12,Rajeesh P,rp5,adj_sprvsr_nm,nt_id,OGS,First_Pass,Manual,901933,I017_5.23,70.0,38.5,3,11pm,arapseal,841191923,null,74
2019-06-20,7852863824,CTR1,236,01,1,000198283,PRADIP PRASAD,PPRASAD2,BIBEK SHAW,BSHAW16,adj_sprvsr_nm,nt_id,Wipro,First_Pass,Manual,715040,I017_5.23,255.34,0.0,3,11pm,arapseal,205092719,null,74
2019-06-20,7852863824,CTR1,236,01,2,000198283,PRADIP PRASAD,PPRASAD2,BIBEK SHAW,BSHAW16,adj_sprvsr_nm,nt_id,Wipro,First_Pass,Manual,715040,I017_5.23,255.34,0.0,3,11pm,arapseal,205092719,null,74
2019-06-20,7852863824,CTR1,236,01,3,000198283,PRADIP PRASAD,PPRASAD2,BIBEK SHAW,BSHAW16,adj_sprvsr_nm,nt_id,Wipro,First_Pass,Manual,715040,I017_5.23,255.34,0.0,3,11pm,arapseal,205092719,null,74
2019-06-20,7852863824,CTR1,236,01,4,000198283,PRADIP PRASAD,PPRASAD2,BIBEK SHAW,BSHAW16,adj_sprvsr_nm,nt_id,Wipro,First_Pass,Manual,715040,I017_5.23,255.34,0.0,3,11pm,arapseal,205092719,null,74
2019-06-20,7852863824,CTR1,236,01,5,000198283,PRADIP PRASAD,PPRASAD2,BIBEK SHAW,BSHAW16,adj_sprvsr_nm,nt_id,Wipro,First_Pass,Manual,715040,I017_5.23,255.34,0.0,3,11pm,arapseal,205092719,null,74
2019-06-20,7852863824,CTR1,236,01,6,000198283,PRADIP PRASAD,PPRASAD2,BIBEK SHAW,BSHAW16,adj_sprvsr_nm,nt_id,Wipro,First_Pass,Manual,715040,I017_5.23,255.34,0.0,3,11pm,arapseal,205092719,null,74
2019-06-20,7852863825,CTR1,236,01,1,000198283,PRADIP PRASAD,PPRASAD2,BIBEK SHAW,BSHAW16,adj_sprvsr_nm,nt_id,Wipro,First_Pass,Manual,715040,I017_5.23,255.34,0.0,3,11pm,arapseal,205092719,null,74
2019-06-20,7852863825,CTR1,236,01,2,000198283,PRADIP PRASAD,PPRASAD2,BIBEK SHAW,BSHAW16,adj_sprvsr_nm,nt_id,Wipro,First_Pass,Manual,715040,I017_5.23,255.34,0.0,3,11pm,arapseal,205092719,null,74
2019-06-20,7852863825,CTR1,236,01,3,000198283,PRADIP PRASAD,PPRASAD2,BIBEK SHAW,BSHAW16,adj_sprvsr_nm,nt_id,Wipro,First_Pass,Manual,715040,I017_5.23,255.34,0.0,3,11pm,arapseal,205092719,null,74
2019-06-20,7852863825,CTR1,236,01,4,000198283,PRADIP PRASAD,PPRASAD2,BIBEK SHAW,BSHAW16,adj_sprvsr_nm,nt_id,Wipro,First_Pass,Manual,715040,I017_5.23,255.34,0.0,3,11pm,arapseal,205092719,null,74
2019-06-20,7852863825,CTR1,236,01,5,000198283,PRADIP PRASAD,PPRASAD2,BIBEK SHAW,BSHAW16,adj_sprvsr_nm,nt_id,Wipro,First_Pass,Manual,715040,I017_5.23,255.34,0.0,3,11pm,arapseal,205092719,null,74
2019-06-20,7852863825,CTR1,236,01,6,000198283,PRADIP PRASAD,PPRASAD2,BIBEK SHAW,BSHAW16,adj_sprvsr_nm,nt_id,Wipro,First_Pass,Manual,715040,I017_5.23,255.34,0.0,3,11pm,arapseal,205092719,null,74
2019-06-20,7852955506,EST1,387,01,2,000312346,Ch Shiva Narayana,schint12,Rajeesh P,rp5,adj_sprvsr_nm,nt_id,OGS,First_Pass,Manual,730247,P001_4.27,1353.0,0.0,1,11pm,arapseal,134305155,null,74
2019-06-20,7853271776,UNOA,155,01,1,000407851,Vivek,vtiwar24,Jitendra kumar verma,jverma3,adj_sprvsr_nm,nt_id,OGS,First_Pass,Manual,2W8730,I005_2.8,782.58,487.21,1,11pm,arapseal,596000800,null,74
2019-06-20,7853271776,UNOA,155,01,2,000407851,Vivek,vtiwar24,Jitendra kumar verma,jverma3,adj_sprvsr_nm,nt_id,OGS,First_Pass,Manual,2W8730,I005_2.8,782.58,487.21,1,11pm,arapseal,596000800,null,74
2019-06-20,7853271776,UNOA,155,01,2,000407851,Vivek,vtiwar24,Jitendra kumar verma,jverma3,adj_sprvsr_nm,nt_id,OGS,First_Pass,Manual,2W8730,I005_2.8,782.58,79.28,1,11pm,arapseal,596000800,null,74
2019-06-20,7853289506,STH1,693,01,1,000407853,Ankit,asaini9,Jitendra kumar verma,jverma3,adj_sprvsr_nm,nt_id,OGS,First_Pass,Manual,2F2134,P001_4.14,341.0,242.6,1,11pm,arapseal,411765832,null,74
2019-06-20,7853289506,STH1,693,01,1,000407853,Ankit,asaini9,Jitendra kumar verma,jverma3,adj_sprvsr_nm,nt_id,OGS,First_Pass,Manual,2F2134,P001_4.20,341.0,242.6,1,11pm,arapseal,411765832,null,74
2019-06-20,7853407810,STH1,764,01,2,000407851,Vivek,vtiwar24,Jitendra kumar verma,jverma3,adj_sprvsr_nm,nt_id,OGS,First_Pass,Manual,1F2459,N008_15.3,2281.0,478.32,1,11pm,arapseal,263271893,null,74
2019-06-20,7853531974,UNOA,735,01,2,000407847,Devendra,dshukla8,Jitendra kumar verma,jverma3,adj_sprvsr_nm,nt_id,OGS,First_Pass,Manual,6S4688,P001_4.16,1766.0,86.67,1,11pm,arapseal,131624096,null,74
2019-06-20,7853531974,UNOA,735,01,2,000407847,Devendra,dshukla8,Jitendra kumar verma,jverma3,adj_sprvsr_nm,nt_id,OGS,First_Pass,Manual,6S4688,P001_4.21,1766.0,86.67,1,11pm,arapseal,131624096,null,74
2019-06-20,7853620808,STH1,499,01,2,000409460,Pramod,p11,Ajay Kumar Noida,akuma87,adj_sprvsr_nm,nt_id,OGS,First_Pass,Manual,2F0071,N008_15.3,1464.09,237.83,1,11pm,arapseal,431097068,null,74
2019-06-20,7854468059,ZEUS,111,01,1,000405657,PULAGAM KRISHNA MOHANREDDY,pmohanre,Ajay Kumar Hyd,akum241,adj_sprvsr_nm,nt_id,OGS,First_Pass,Manual,705816,P001_4.27,25.0,0.0,3,11pm,arapseal,271933918,null,74
2019-06-20,7854723295,MYTH,120,01,4,000008273,AutoId,AutoId,Manish Choudhary,mchoud3,,,CONCENTRIX,,Auto,911876,L002_8.10,246.4,64.59,3,11pm,arapseal,272557996,null,74
2019-06-20,7855622310,UNOA,494,01,1,000312346,Ch Shiva Narayana,schint12,Rajeesh P,rp5,adj_sprvsr_nm,nt_id,OGS,First_Pass,Manual,6U2344,I017_5.23,200.0,35.0,1,11pm,arapseal,821666058,null,74
2019-06-20,7856075874,YOGI,089,01,1,000245965,Alekya Vummaji,avummaji,Bheemana K Gowd,bgowd,adj_sprvsr_nm,nt_id,OGS,First_Pass,Manual,183644,I017_5.10,24207.5,5268.35,3,11pm,arapseal,954505291,null,74
2019-06-20,7856201919,ZEUS,088,01,1,000281220,Celam Vikranth,cvikrant,Rajeesh P,rp5,adj_sprvsr_nm,nt_id,OGS,First_Pass,Manual,704562,P001_4.27,884.0,0.0,3,11pm,arapseal,621757929,null,74
2019-06-20,7856253886,UNOA,763,01,1,000312346,Ch Shiva Narayana,schint12,Rajeesh P,rp5,adj_sprvsr_nm,nt_id,OGS,First_Pass,Manual,2U3282,P001_4.27,2660.0,0.0,1,11pm,arapseal,540505979,null,74
2019-06-20,7856364403,XFIL,537,01,1,000202997,Garnett   Rex E,rgarnett,David Youngblood,dyoun48,adj_sprvsr_nm,nt_id,Chico,First_Pass,Manual,744432,F006_3.9,482.1,0.0,3,11pm,arapseal,731648039,null,74
2019-06-20,7856364403,XFIL,537,01,2,000202997,Garnett   Rex E,rgarnett,David Youngblood,dyoun48,adj_sprvsr_nm,nt_id,Chico,First_Pass,Manual,744432,F006_3.9,482.1,0.0,3,11pm,arapseal,731648039,null,74
2019-06-20,7856365836,EST1,530,01,1,000298803,KaushikShubham,skaushi8,RUPESH KUMAR,rkumar7,adj_sprvsr_nm,nt_id,Concentrix,First_Pass,Manual,730490,M004_13.5,2914.0,0.0,1,11pm,arapseal,201983271,Platinum (P1),74
2019-06-20,7856448915,ZEUS,354,01,1,000405657,PULAGAM KRISHNA MOHANREDDY,pmohanre,Ajay Kumar Hyd,akum241,adj_sprvsr_nm,nt_id,OGS,First_Pass,Manual,902956,P001_4.27,330.0,0.0,3,11pm,arapseal,330989359,null,74
2019-06-20,7856762566,NRTH,393,01,1,000405657,PULAGAM KRISHNA MOHANREDDY,pmohanre,Ajay Kumar Hyd,akum241,adj_sprvsr_nm,nt_id,OGS,First_Pass,Manual,708547,P001_4.27,348.0,0.0,3,11pm,arapseal,431527130,Platinum (P1),74
2019-06-20,7856762566,NRTH,393,01,2,000405657,PULAGAM KRISHNA MOHANREDDY,pmohanre,Ajay Kumar Hyd,akum241,adj_sprvsr_nm,nt_id,OGS,First_Pass,Manual,708547,P001_4.27,348.0,0.0,3,11pm,arapseal,431527130,Platinum (P1),74
2019-06-20,7856790326,ZEUS,120,01,1,000281220,Celam Vikranth,cvikrant,Rajeesh P,rp5,adj_sprvsr_nm,nt_id,OGS,First_Pass,Manual,704471,P001_4.27,138.0,0.0,3,11pm,arapseal,824580244,null,74
2019-06-20,7859086528,UNOA,765,01,1,000281220,Celam Vikranth,cvikrant,Rajeesh P,rp5,adj_sprvsr_nm,nt_id,OGS,First_Pass,Manual,7X8446,P001_4.27,1580.0,0.0,1,11pm,arapseal,592504386,null,74
2019-06-20,7862879597,MYTH,170,01,1,000008273,AutoId,AutoId,\N,\N,\N,\N,\N,\N,Auto,909527,I017_5.23,114.0,36.48,3,11pm,arapseal,421454252,null,74
2019-06-20,7862879597,MYTH,170,01,2,000008273,AutoId,AutoId,\N,\N,\N,\N,\N,\N,Auto,909527,I017_5.23,114.0,36.48,3,11pm,arapseal,421454252,null,74
2019-06-20,7862879597,MYTH,170,01,3,000008273,AutoId,AutoId,\N,\N,\N,\N,\N,\N,Auto,909527,I017_5.23,114.0,36.48,3,11pm,arapseal,421454252,null,74
2019-06-20,7862879597,MYTH,170,01,4,000008273,AutoId,AutoId,\N,\N,\N,\N,\N,\N,Auto,909527,I017_5.23,114.0,36.48,3,11pm,arapseal,421454252,null,74
2019-06-20,7862879597,MYTH,170,01,5,000008273,AutoId,AutoId,\N,\N,\N,\N,\N,\N,Auto,909527,I017_5.23,114.0,36.48,3,11pm,arapseal,421454252,null,74
2019-06-20,7862879597,MYTH,170,01,6,000008273,AutoId,AutoId,\N,\N,\N,\N,\N,\N,Auto,909527,I017_5.23,114.0,36.48,3,11pm,arapseal,421454252,null,74
2019-06-20,7862879597,MYTH,170,02,1,000008273,AutoId,AutoId,\N,\N,\N,\N,\N,\N,Auto,909527,I017_5.23,114.0,36.48,3,11pm,arapseal,421454252,null,74
2019-06-20,7862879597,MYTH,170,02,2,000008273,AutoId,AutoId,\N,\N,\N,\N,\N,\N,Auto,909527,I017_5.23,114.0,36.48,3,11pm,arapseal,421454252,null,74
2019-06-20,7862879597,MYTH,170,02,3,000008273,AutoId,AutoId,\N,\N,\N,\N,\N,\N,Auto,909527,I017_5.23,114.0,36.48,3,11pm,arapseal,421454252,null,74
2019-06-20,7862879597,MYTH,170,02,4,000008273,AutoId,AutoId,\N,\N,\N,\N,\N,\N,Auto,909527,I017_5.23,114.0,36.48,3,11pm,arapseal,421454252,null,74
2019-06-20,7862879597,MYTH,170,02,5,000008273,AutoId,AutoId,\N,\N,\N,\N,\N,\N,Auto,909527,I017_5.23,114.0,36.48,3,11pm,arapseal,421454252,null,74
2019-06-20,7862879597,MYTH,170,02,6,000008273,AutoId,AutoId,\N,\N,\N,\N,\N,\N,Auto,909527,I017_5.23,114.0,36.48,3,11pm,arapseal,421454252,null,74
2019-06-20,7862879597,MYTH,170,03,1,000008273,AutoId,AutoId,\N,\N,\N,\N,\N,\N,Auto,909527,I017_5.23,114.0,36.48,3,11pm,arapseal,421454252,null,74
2019-06-20,7862879597,MYTH,170,03,2,000008273,AutoId,AutoId,\N,\N,\N,\N,\N,\N,Auto,909527,I017_5.23,114.0,36.48,3,11pm,arapseal,421454252,null,74
2019-06-20,7862879597,MYTH,170,03,3,000008273,AutoId,AutoId,\N,\N,\N,\N,\N,\N,Auto,909527,I017_5.23,114.0,36.48,3,11pm,arapseal,421454252,null,74
2019-06-20,7862879597,MYTH,170,03,4,000008273,AutoId,AutoId,\N,\N,\N,\N,\N,\N,Auto,909527,I017_5.23,114.0,36.48,3,11pm,arapseal,421454252,null,74
2019-06-20,7862879597,MYTH,170,03,5,000008273,AutoId,AutoId,\N,\N,\N,\N,\N,\N,Auto,909527,I017_5.23,114.0,36.48,3,11pm,arapseal,421454252,null,74
2019-06-20,7862879597,MYTH,170,03,6,000008273,AutoId,AutoId,\N,\N,\N,\N,\N,\N,Auto,909527,I017_5.23,114.0,36.48,3,11pm,arapseal,421454252,null,74
2019-06-20,7862879598,MYTH,170,01,1,000008273,AutoId,AutoId,\N,\N,\N,\N,\N,\N,Auto,909527,I017_5.23,114.0,36.48,3,11pm,arapseal,421454252,null,74
2019-06-20,7862879598,MYTH,170,01,2,000008273,AutoId,AutoId,\N,\N,\N,\N,\N,\N,Auto,909527,I017_5.23,114.0,36.48,3,11pm,arapseal,421454252,null,74
2019-06-20,7862879598,MYTH,170,01,3,000008273,AutoId,AutoId,\N,\N,\N,\N,\N,\N,Auto,909527,I017_5.23,114.0,36.48,3,11pm,arapseal,421454252,null,74
2019-06-20,7862879598,MYTH,170,01,4,000008273,AutoId,AutoId,\N,\N,\N,\N,\N,\N,Auto,909527,I017_5.23,114.0,36.48,3,11pm,arapseal,421454252,null,74
2019-06-20,7862879598,MYTH,170,01,5,000008273,AutoId,AutoId,\N,\N,\N,\N,\N,\N,Auto,909527,I017_5.23,114.0,36.48,3,11pm,arapseal,421454252,null,74
2019-06-20,7862879598,MYTH,170,01,6,000008273,AutoId,AutoId,\N,\N,\N,\N,\N,\N,Auto,909527,I017_5.23,114.0,36.48,3,11pm,arapseal,421454252,null,74
2019-06-20,7862879598,MYTH,170,02,1,000008273,AutoId,AutoId,\N,\N,\N,\N,\N,\N,Auto,909527,I017_5.23,114.0,36.48,3,11pm,arapseal,421454252,null,74
2019-06-20,7862879598,MYTH,170,02,2,000008273,AutoId,AutoId,\N,\N,\N,\N,\N,\N,Auto,909527,I017_5.23,114.0,36.48,3,11pm,arapseal,421454252,null,74
2019-06-20,7862879598,MYTH,170,02,3,000008273,AutoId,AutoId,\N,\N,\N,\N,\N,\N,Auto,909527,I017_5.23,114.0,36.48,3,11pm,arapseal,421454252,null,74
2019-06-20,7862879598,MYTH,170,02,4,000008273,AutoId,AutoId,\N,\N,\N,\N,\N,\N,Auto,909527,I017_5.23,114.0,36.48,3,11pm,arapseal,421454252,null,74
2019-06-20,7862879598,MYTH,170,02,5,000008273,AutoId,AutoId,\N,\N,\N,\N,\N,\N,Auto,909527,I017_5.23,114.0,36.48,3,11pm,arapseal,421454252,null,74
2019-06-20,7862879598,MYTH,170,02,6,000008273,AutoId,AutoId,\N,\N,\N,\N,\N,\N,Auto,909527,I017_5.23,114.0,36.48,3,11pm,arapseal,421454252,null,74
2019-06-20,7862879598,MYTH,170,03,1,000008273,AutoId,AutoId,\N,\N,\N,\N,\N,\N,Auto,909527,I017_5.23,114.0,36.48,3,11pm,arapseal,421454252,null,74
2019-06-20,7862879598,MYTH,170,03,2,000008273,AutoId,AutoId,\N,\N,\N,\N,\N,\N,Auto,909527,I017_5.23,114.0,36.48,3,11pm,arapseal,421454252,null,74
2019-06-20,7862879598,MYTH,170,03,3,000008273,AutoId,AutoId,\N,\N,\N,\N,\N,\N,Auto,909527,I017_5.23,114.0,36.48,3,11pm,arapseal,421454252,null,74
2019-06-20,7862879598,MYTH,170,03,4,000008273,AutoId,AutoId,\N,\N,\N,\N,\N,\N,Auto,909527,I017_5.23,114.0,36.48,3,11pm,arapseal,421454252,null,74
2019-06-20,7862879598,MYTH,170,03,5,000008273,AutoId,AutoId,\N,\N,\N,\N,\N,\N,Auto,909527,I017_5.23,114.0,36.48,3,11pm,arapseal,421454252,null,74
2019-06-20,7862879598,MYTH,170,03,6,000008273,AutoId,AutoId,\N,\N,\N,\N,\N,\N,Auto,909527,I017_5.23,114.0,36.48,3,11pm,arapseal,421454252,null,74
2019-06-20,7862879598,MYTH,170,04,1,000008273,AutoId,AutoId,\N,\N,\N,\N,\N,\N,Auto,909527,I017_5.23,114.0,36.48,3,11pm,arapseal,421454252,null,74
2019-06-20,7862879598,MYTH,170,04,2,000008273,AutoId,AutoId,\N,\N,\N,\N,\N,\N,Auto,909527,I017_5.23,114.0,36.48,3,11pm,arapseal,421454252,null,74
2019-06-20,7862879598,MYTH,170,04,3,000008273,AutoId,AutoId,\N,\N,\N,\N,\N,\N,Auto,909527,I017_5.23,114.0,36.48,3,11pm,arapseal,421454252,null,74
2019-06-20,7862879598,MYTH,170,04,4,000008273,AutoId,AutoId,\N,\N,\N,\N,\N,\N,Auto,909527,I017_5.23,114.0,36.48,3,11pm,arapseal,421454252,null,74
2019-06-20,7862879598,MYTH,170,04,5,000008273,AutoId,AutoId,\N,\N,\N,\N,\N,\N,Auto,909527,I017_5.23,114.0,36.48,3,11pm,arapseal,421454252,null,74
2019-06-20,7862879598,MYTH,170,04,6,000008273,AutoId,AutoId,\N,\N,\N,\N,\N,\N,Auto,909527,I017_5.23,114.0,36.48,3,11pm,arapseal,421454252,null,74
2019-06-20,7863129538,MYTH,517,01,1,000008273,AutoId,AutoId,Manish Choudhary,mchoud3,,,WIPRO,,Auto,915660,K001_14.31,130.0,0.0,1,11pm,arapseal,800947972,null,74
2019-06-20,7863978284,OMNI,042,01,1,000229411,Sreelatha Latha Ponna,sponna10,Bheemana K Gowd,bgowd,adj_sprvsr_nm,nt_id,OGS,First_Pass,Manual,226310,I017_5.23,1450.0,232.13,3,11pm,arapseal,800856095,null,74
2019-06-20,7863978284,OMNI,042,01,2,000229411,Sreelatha Latha Ponna,sponna10,Bheemana K Gowd,bgowd,adj_sprvsr_nm,nt_id,OGS,First_Pass,Manual,226310,I017_5.23,1450.0,232.13,3,11pm,arapseal,800856095,null,74
2019-06-20,7863978284,OMNI,042,01,3,000229411,Sreelatha Latha Ponna,sponna10,Bheemana K Gowd,bgowd,adj_sprvsr_nm,nt_id,OGS,First_Pass,Manual,226310,I017_5.23,1450.0,232.13,3,11pm,arapseal,800856095,null,74
2019-06-20,8647678378,MYTH,445,01,1,000008273,AutoId,AutoId,Manish Choudhary,mchoud3,,,WIPRO,,Auto,909335,P001_4.27,110.0,0.0,3,11pm,arapseal,742362662,null,74
2019-06-20,8647678378,MYTH,445,01,2,000008273,AutoId,AutoId,Manish Choudhary,mchoud3,,,WIPRO,,Auto,909335,P001_4.27,110.0,0.0,3,11pm,arapseal,742362662,null,74
